feature1,feature2,feature3,feature4,feature5,feature6,target
72,284120,10,0,0,40,0
44,755858,9,0,0,70,1
22,314525,13,0,0,40,0
27,216013,9,0,0,40,0
23,215251,10,0,0,55,0
18,119422,9,0,0,30,0
35,202027,13,7298,0,35,1
43,38876,9,0,0,50,0
35,27408,10,0,0,40,0
21,89991,10,0,0,40,0
20,510643,9,0,0,40,0
90,139660,10,0,0,37,0
34,215124,9,0,0,40,0
47,45564,10,0,0,40,1
48,30289,6,0,0,30,0
43,196545,13,0,1902,40,1
25,162687,8,0,0,40,1
54,161691,14,0,2559,40,1
63,190296,7,0,1902,40,1
30,48829,9,0,1602,30,0
26,269168,10,0,0,40,0
39,252327,4,0,0,40,0
28,375655,13,0,0,50,0
47,181130,15,99999,0,50,1
42,190543,10,0,0,40,1
29,132675,7,0,0,40,0
22,155362,9,0,0,35,0
23,235853,9,0,0,45,0
19,219189,8,0,0,25,0
34,261023,10,0,1651,38,0
40,197012,13,8614,0,40,1
36,170842,14,0,0,35,0
29,241667,14,0,0,45,0
39,122353,13,7688,0,50,1
20,216889,10,0,0,40,0
28,182509,10,0,0,35,0
38,171150,12,0,0,40,1
34,324254,9,0,0,40,0
40,20109,10,0,0,84,0
43,188199,5,0,0,40,0
38,105161,13,0,0,30,0
23,165474,10,0,0,40,0
35,281982,9,0,0,40,0
32,299635,10,0,0,50,0
48,99835,12,0,0,50,1
57,176904,7,0,0,40,0
43,169031,9,0,0,40,0
29,283227,13,0,0,40,0
66,135446,9,0,0,40,0
20,143062,10,0,0,40,0
35,91839,13,7688,0,20,1
24,277700,10,0,0,45,0
27,146243,10,0,0,30,0
27,122660,13,0,0,40,0
53,197492,9,0,0,40,0
22,56582,9,0,0,50,0
28,162994,13,0,0,40,0
34,162442,9,0,0,20,1
23,218678,7,0,0,40,0
57,337001,14,0,0,45,1
29,153805,9,0,0,40,0
21,213341,7,0,1762,40,0
54,353787,10,0,0,40,1
26,163189,10,0,0,40,0
45,277434,12,0,0,40,1
55,156430,13,0,0,40,1
35,152307,7,0,0,40,0
50,77905,13,0,0,8,0
18,148644,9,0,0,28,0
30,78980,11,0,0,40,1
26,182308,10,0,0,40,0
22,276494,9,0,0,40,0
56,174533,13,0,0,45,1
20,237956,9,0,0,40,0
36,238415,9,0,0,40,0
54,124963,13,0,0,40,1
65,31740,10,0,0,45,0
41,104196,10,0,0,60,0
25,75759,9,0,0,44,1
36,321274,10,0,0,40,1
39,174330,9,0,0,40,0
29,124953,11,0,0,42,1
30,169269,7,0,1721,38,0
23,201682,13,0,0,40,0
41,134130,9,0,0,60,0
26,138597,9,0,0,25,0
34,394447,13,2463,0,50,0
51,120781,15,99999,0,70,1
31,373432,5,0,0,43,0
41,175537,10,0,0,38,0
46,168191,9,0,0,2,0
47,175958,15,0,0,45,1
58,235624,11,0,0,40,1
31,179415,3,0,0,40,0
17,118792,7,0,0,24,0
51,167065,9,0,0,40,0
51,99185,12,0,0,40,1
32,106541,3,0,0,40,0
37,167735,11,0,1887,40,1
37,77820,13,0,0,45,1
39,247558,10,0,0,41,0
47,370119,13,15024,0,50,1
55,236520,11,0,0,40,1
28,190367,9,0,0,45,0
17,114798,6,0,0,20,0
57,167457,4,0,0,40,0
29,410351,12,0,0,43,0
34,87209,14,0,0,60,0
70,177906,10,6514,0,40,1
54,146834,9,0,0,45,0
37,118358,10,0,0,40,1
28,269246,7,0,0,40,0
23,127768,10,0,0,40,0
36,64874,14,0,0,60,1
23,114939,10,0,0,30,0
47,171751,9,0,0,40,0
20,230574,4,0,0,40,0
24,283918,10,0,0,25,0
38,337130,2,0,0,40,0
38,183683,6,0,0,45,0
35,237713,15,0,0,50,1
26,252406,9,0,0,40,0
69,71489,14,0,0,25,0
20,151790,10,0,0,30,0
34,301251,13,0,0,50,1
36,207853,9,0,0,40,0
42,200574,10,0,0,40,0
40,104892,13,0,0,40,0
27,386040,11,0,0,40,0
57,80149,13,0,1977,40,1
28,247819,11,0,0,5,0
17,57324,6,0,0,30,0
33,24504,9,0,0,50,0
31,237317,5,0,0,45,0
51,33304,9,0,0,40,0
24,279175,9,0,0,40,0
40,174515,9,0,0,40,0
21,202373,10,0,0,25,0
28,211208,13,0,0,50,0
31,329874,10,0,0,40,0
63,106141,4,0,0,45,0
35,243357,7,0,0,40,0
54,319697,10,0,0,40,0
31,175059,9,0,0,40,0
45,125892,14,0,1977,60,1
38,227615,7,0,0,40,0
34,247328,9,0,0,40,0
26,53209,9,0,0,40,0
35,181020,9,0,0,60,0
43,114537,13,0,0,40,0
41,121718,11,0,1848,48,1
30,232356,13,0,0,40,1
65,23580,13,0,0,40,0
28,38918,13,0,0,50,0
33,150324,9,0,0,49,0
45,235431,9,0,0,40,0
30,761800,7,0,0,40,0
38,77792,9,0,0,56,0
40,33274,9,0,0,50,0
48,248254,10,7298,0,40,1
33,137088,13,0,0,40,0
66,350498,10,0,1258,20,0
40,238574,15,0,0,55,1
36,185556,13,0,0,35,1
36,185366,10,0,0,40,0
24,201603,9,0,0,30,0
45,211666,16,0,0,40,1
30,202051,13,0,0,42,1
40,133456,9,0,0,24,1
46,102628,14,0,0,40,0
39,202937,14,0,0,40,1
17,167658,8,0,0,6,0
22,225156,9,0,0,40,0
60,51290,4,0,0,40,0
39,72338,10,0,0,40,1
30,23778,4,0,0,40,0
36,89625,9,0,0,40,0
40,64885,14,0,0,70,1
29,71592,10,0,0,40,0
36,154669,13,0,0,55,0
42,351161,13,0,1887,40,1
32,450141,10,0,1408,40,0
50,146325,9,0,0,44,1
78,182977,9,2964,0,40,0
66,176315,13,401,0,20,0
24,242138,13,0,0,20,0
37,105044,13,0,0,40,1
32,228265,9,0,0,30,0
22,166371,10,0,0,40,0
23,228243,10,0,0,44,0
48,193775,13,0,0,38,1
44,344060,15,0,0,40,1
68,253866,13,0,0,30,0
56,157749,10,0,0,60,1
55,124808,11,0,1977,50,1
33,35306,5,0,0,44,0
33,149902,10,0,0,40,0
31,134613,11,0,0,43,0
53,189511,9,0,0,40,0
69,264722,12,0,0,40,1
21,170800,9,0,0,30,0
17,230789,5,0,0,22,0
42,214838,9,0,0,30,1
31,297188,14,0,0,60,0
38,133299,9,0,0,55,0
59,189721,13,0,0,40,1
77,267799,16,0,0,4,1
66,37170,9,0,0,42,1
46,98735,13,0,0,50,0
46,228372,13,0,0,40,1
46,220832,10,0,0,58,1
28,207513,9,0,0,48,0
40,109800,9,0,0,40,0
33,207301,12,0,0,40,0
40,108765,9,0,0,40,0
51,319054,9,0,0,60,0
26,304283,9,0,0,40,0
37,470663,10,0,0,40,0
53,87158,9,0,0,40,0
35,198841,9,0,0,40,0
39,370585,9,0,0,40,0
52,201783,10,7688,0,40,1
42,142756,13,0,0,50,0
64,149698,15,0,0,40,1
27,178709,14,0,0,40,0
46,430278,14,0,0,40,0
25,178505,10,0,1504,45,0
36,150057,13,0,0,50,1
58,322013,9,0,0,40,0
49,169515,6,0,0,40,0
26,139116,10,0,0,50,0
66,157942,9,0,0,40,0
69,34339,9,0,0,40,0
28,133043,9,0,0,50,0
23,208826,13,0,0,40,0
30,186420,13,0,0,35,0
90,82628,9,2964,0,12,0
67,106175,13,0,2392,75,1
34,176711,9,0,0,40,0
18,32244,7,594,0,30,0
22,302347,9,4416,0,40,0
22,264738,9,0,0,42,0
49,116163,13,0,0,50,0
67,364862,9,0,0,30,0
29,104423,10,4386,0,45,1
18,122988,9,0,0,20,0
33,166961,7,0,0,20,0
32,241802,9,0,0,40,0
46,256522,2,0,0,40,0
33,183125,9,0,0,45,0
30,190385,13,0,0,40,1
60,296485,3,0,0,40,0
29,242597,13,0,0,40,0
66,47358,6,3471,0,40,0
42,277256,13,0,0,40,1
61,84587,11,0,0,40,1
27,84977,9,0,0,40,0
38,435638,10,0,1876,40,0
42,245565,13,0,0,12,0
19,139466,10,0,0,25,0
53,104258,6,0,0,40,0
58,174040,10,0,0,40,0
22,191324,10,0,0,25,0
26,176146,3,0,0,35,0
34,180714,10,0,2179,40,0
30,219838,8,0,0,40,0
46,253116,13,0,0,40,0
40,145441,10,0,0,30,0
41,247082,14,0,0,40,1
17,102446,8,0,0,35,0
49,204629,13,0,0,40,1
37,101020,13,4787,0,55,1
46,353012,9,0,0,40,0
35,103323,10,0,0,40,1
35,93225,9,0,0,40,0
36,96468,14,0,0,40,0
36,279485,9,0,0,38,0
19,201178,9,0,0,30,0
46,155489,12,0,0,44,1
45,67716,9,10520,0,48,1
62,258124,14,0,0,40,1
18,192254,10,0,0,15,0
32,110279,12,0,0,35,0
28,78356,14,0,0,40,0
33,342730,10,0,0,52,0
46,191204,11,0,0,40,0
67,94610,14,0,0,30,1
51,163826,9,0,0,40,1
25,98155,10,0,0,40,0
46,76131,3,0,0,40,1
56,53366,7,0,0,20,0
22,136767,9,0,0,30,0
23,188545,12,0,1974,20,0
58,170108,14,0,0,40,1
22,88050,12,0,0,6,0
25,188767,12,0,0,45,0
18,217942,7,0,0,24,0
45,287190,12,0,0,35,0
44,174283,9,0,0,40,1
35,128516,9,0,0,45,0
21,187643,9,0,0,40,0
43,76460,9,0,0,40,0
18,180039,8,0,0,20,0
48,213140,9,0,0,80,0
30,254905,9,0,0,40,0
44,63042,13,0,0,50,1
48,88564,10,0,0,45,0
20,103277,10,0,0,35,0
29,375655,13,0,0,40,0
31,147284,16,0,1977,99,1
44,37997,9,0,0,60,0
18,101795,6,0,0,40,0
23,250630,13,0,0,40,0
40,174283,16,0,1887,50,1
43,346321,14,0,0,45,1
46,51618,9,0,0,40,0
69,216269,12,0,0,40,0
34,114973,9,0,0,30,0
22,378104,9,0,0,40,0
38,233197,10,0,0,40,0
34,125279,9,0,0,40,0
54,137678,10,0,0,40,0
20,55233,10,0,0,40,0
25,180783,9,0,0,10,0
38,144860,9,0,0,65,0
28,61487,9,0,0,40,0
54,249949,10,0,0,40,0
51,163921,13,0,0,56,1
21,342575,10,0,0,35,0
18,80616,6,0,0,27,0
31,189461,12,0,0,41,0
24,744929,9,0,0,40,0
24,197200,9,0,0,44,0
57,36990,9,0,0,52,0
44,192014,13,0,0,38,0
35,38294,9,0,0,40,0
35,312232,9,0,0,50,0
40,145246,10,0,0,40,0
48,212120,9,0,0,40,1
45,44489,11,0,0,10,0
56,175127,6,0,0,40,0
35,46385,9,5178,0,90,1
26,179569,10,0,0,40,0
25,131178,9,0,0,23,0
37,265266,15,0,0,40,1
65,111095,9,0,0,16,0
35,151322,13,15024,0,55,1
34,341954,13,0,0,40,1
46,114222,11,0,0,40,0
52,29623,8,0,0,40,0
61,221534,9,0,0,40,0
47,275517,10,0,0,72,0
30,361497,13,0,0,72,1
35,249456,13,0,0,40,0
42,179533,9,0,0,40,1
20,121596,10,2907,0,35,0
44,172600,9,10520,0,50,1
26,206721,9,0,0,40,0
44,55191,15,0,0,40,0
40,193459,12,0,0,40,0
23,388811,9,0,0,40,0
43,52131,15,0,1902,50,1
23,330571,13,0,0,16,0
21,197050,10,0,0,35,0
23,223367,10,0,0,40,0
22,147227,13,0,0,30,0
43,187702,10,2174,0,45,0
47,46857,10,0,0,40,0
46,190115,10,0,1887,40,1
51,108914,9,0,0,40,0
33,163867,9,0,0,8,0
30,101345,13,3103,0,55,1
22,193190,9,0,0,40,0
46,215943,9,0,0,40,0
38,252662,13,0,0,40,0
43,53956,9,0,0,55,1
51,111721,9,0,0,35,0
54,192226,13,0,0,55,1
42,133584,10,0,0,40,0
19,202184,10,0,0,15,0
28,271936,10,0,0,35,0
51,145166,9,0,0,50,0
57,171242,10,0,0,40,1
19,204389,9,0,0,25,0
26,109609,10,0,0,30,0
30,224462,9,0,0,40,0
39,194004,9,0,0,70,0
20,217807,10,0,0,35,0
38,237713,13,0,0,60,0
37,240837,9,0,0,30,0
18,245199,10,0,0,40,0
33,190290,11,0,0,56,0
34,34572,11,0,0,60,1
35,182203,10,0,0,40,0
61,353031,9,0,0,60,0
30,166961,10,0,0,20,1
29,283760,13,0,0,40,0
43,288829,11,0,1902,42,1
29,105694,9,0,0,42,0
43,225165,7,0,0,55,0
43,25005,14,5013,0,12,0
50,99185,9,0,0,40,0
53,122109,12,0,0,70,0
36,82743,12,0,0,55,0
57,314153,13,0,1887,55,1
56,266091,13,2907,0,52,0
36,100681,10,2463,0,40,0
44,113597,10,0,0,55,1
26,244495,5,0,0,35,0
48,369522,10,0,0,60,0
24,284317,13,0,0,32,0
24,154422,13,0,0,40,0
53,311350,13,0,0,50,1
42,193882,10,0,0,40,1
35,81232,13,15024,0,50,1
31,66815,9,0,0,50,0
53,215990,10,0,0,35,0
38,119177,13,0,0,40,1
18,109445,9,0,0,25,0
32,100135,9,0,0,40,0
33,343021,10,0,0,65,0
59,134153,13,7298,0,38,1
33,243266,14,0,0,40,1
38,128033,10,0,0,60,0
37,91711,13,0,0,60,1
35,185325,13,0,0,50,1
33,183000,10,0,0,24,0
41,170230,13,0,0,45,0
33,240441,10,0,0,45,0
50,371305,9,0,1902,60,1
22,188274,12,0,0,40,0
28,435842,13,0,0,40,0
76,201240,9,0,0,40,0
44,160785,13,0,0,60,1
77,235775,9,0,0,25,0
46,138626,10,0,0,40,0
41,111772,12,0,1887,40,1
49,249289,13,0,0,40,0
31,123983,10,0,0,40,0
41,23646,14,0,0,40,0
45,109598,9,0,0,40,0
45,125933,10,0,0,40,0
56,204816,10,0,0,40,1
40,374764,10,0,0,45,1
35,196373,13,0,0,45,1
22,138513,10,0,0,40,0
21,221157,9,0,0,30,0
25,156848,9,0,0,35,0
30,154120,13,0,0,65,0
34,182401,12,0,0,40,0
40,115411,12,0,0,65,1
48,164984,9,0,0,40,1
47,431515,11,0,0,40,1
38,329980,9,0,1876,40,0
62,171315,13,0,0,60,1
32,217251,11,0,0,43,0
44,107433,10,0,0,55,1
61,111797,11,0,0,32,0
31,58582,10,0,0,46,0
48,187969,14,0,0,80,0
47,168109,9,0,0,70,0
37,108913,9,0,0,40,0
67,286372,13,0,0,40,0
35,77820,10,0,0,60,0
72,158092,13,0,0,30,0
68,223486,9,0,0,7,0
18,219404,3,0,0,48,0
25,148300,10,0,0,35,0
58,112945,11,0,0,40,0
43,26915,11,0,0,45,1
35,181165,9,0,0,40,0
37,188563,9,0,0,55,0
35,259846,9,0,0,55,0
43,185015,3,0,0,40,0
58,142724,9,0,0,43,0
30,160634,11,0,0,40,1
47,340982,10,3103,0,40,1
32,230912,14,4865,0,40,0
31,242616,13,0,0,40,0
49,157569,9,0,0,46,0
42,32878,13,99999,0,42,1
53,304353,10,0,0,36,1
25,118088,9,0,0,40,0
64,239450,10,0,0,40,0
59,137506,5,0,0,40,0
32,113838,10,0,0,40,0
21,32616,9,0,1719,16,0
24,86745,13,0,0,40,0
57,289605,5,0,1617,35,0
40,43711,9,0,0,45,0
54,315804,9,0,0,40,0
33,279173,9,0,0,60,0
47,185400,9,0,0,40,1
60,188236,6,0,0,40,0
42,20809,9,0,0,75,1
34,226296,7,0,0,40,0
22,495288,9,0,0,38,0
34,108837,13,0,0,48,1
64,194894,16,4787,0,40,1
56,229335,9,0,0,40,0
56,196307,13,0,0,20,0
53,186303,9,0,0,40,0
36,170376,9,0,1887,40,1
20,691830,9,0,0,35,0
41,49797,9,0,0,40,0
28,130067,13,0,0,40,1
68,117236,13,20051,0,45,1
41,99665,5,0,0,80,0
35,193241,10,0,0,38,0
34,179641,13,0,0,45,0
22,73203,9,0,0,40,0
45,211399,14,7298,0,40,1
30,36383,13,0,0,40,1
32,188108,9,0,0,55,0
28,144521,9,0,0,40,0
39,255027,11,0,0,40,0
32,29144,13,0,0,35,0
47,145636,9,0,0,40,1
48,212050,10,0,0,40,1
41,39581,9,4101,0,40,0
28,452808,6,0,0,40,0
28,51461,9,0,0,40,0
23,278390,10,0,0,68,0
32,83253,10,0,0,60,0
34,182691,9,0,0,44,0
55,123515,9,0,0,40,0
41,175674,13,0,0,40,1
39,184659,9,0,0,40,0
41,333070,10,0,0,35,0
49,246891,13,0,0,40,1
51,282549,9,3137,0,40,0
50,133963,9,0,0,35,0
48,199590,9,0,0,40,1
36,158592,7,0,0,50,0
21,243842,9,0,0,40,0
32,337696,10,0,0,50,0
24,117210,9,0,0,50,0
29,211208,7,0,0,99,1
43,218309,13,0,0,50,0
32,396745,13,0,2415,48,1
49,43348,16,99999,0,70,1
49,155862,9,0,0,50,1
48,240629,9,0,0,65,0
28,285294,13,15024,0,45,1
55,349910,12,0,0,60,0
37,186808,9,0,0,40,0
17,262511,7,0,0,20,0
27,120126,13,0,0,75,1
38,34180,10,0,0,40,0
46,149949,13,0,0,45,1
62,96460,9,0,0,40,0
20,204641,9,0,0,20,0
35,212195,9,0,0,35,1
23,210338,13,0,0,30,0
33,169879,13,3103,0,47,1
55,119762,6,0,0,50,0
22,663291,10,2105,0,40,0
34,49325,14,0,0,40,1
58,141379,9,0,0,42,0
19,37332,9,0,0,20,0
35,54595,8,0,0,40,0
29,55390,12,0,0,45,0
43,86750,11,0,0,99,0
34,113543,14,0,0,40,0
44,183850,13,0,0,56,0
52,100506,10,15024,0,50,1
69,203072,16,0,0,50,1
47,377401,14,0,0,40,1
50,155574,14,7298,0,50,1
25,161631,10,0,0,40,0
61,33460,9,0,0,40,0
21,83580,10,0,0,4,0
51,20795,10,0,0,40,0
47,185385,9,5013,0,24,0
41,97064,11,0,0,44,0
42,76280,9,0,0,40,0
40,60594,10,0,0,30,0
58,237879,13,0,0,58,0
28,212286,13,0,0,40,0
27,209301,9,0,0,60,0
51,143822,9,0,0,40,0
46,324601,2,0,0,40,0
49,123681,14,0,0,43,1
37,254973,9,0,0,40,1
33,267859,10,0,0,40,1
42,221581,9,0,0,40,0
22,189832,10,0,0,25,0
47,125892,9,0,0,40,0
34,226443,15,0,0,55,1
40,171615,10,0,0,35,1
25,174592,9,0,0,25,0
23,55890,13,0,0,40,0
62,584259,9,0,0,44,0
40,300838,2,0,0,40,0
66,290578,4,0,0,40,0
24,88824,13,0,0,40,0
37,99357,12,0,0,30,0
52,87858,9,0,0,40,1
20,243986,10,0,0,20,0
33,153005,6,0,0,40,0
33,260560,9,0,0,40,0
26,57600,13,0,0,40,0
59,147989,10,0,0,50,1
64,47298,16,0,0,60,1
21,232569,9,0,0,40,0
23,33105,10,0,0,40,0
19,28145,9,0,0,52,0
51,53197,10,0,0,40,1
21,68358,10,0,0,20,0
28,181597,9,0,0,40,0
65,224357,9,0,0,40,0
48,97470,10,0,0,40,1
28,153885,10,0,0,45,0
27,401723,9,0,0,40,0
65,115890,13,0,0,20,0
42,202872,9,0,0,36,1
36,177895,14,0,0,40,0
21,440969,9,0,0,40,0
44,98211,13,0,0,40,1
44,107845,12,0,0,56,1
26,191797,9,0,0,16,0
37,30267,7,0,0,60,1
27,306747,13,0,0,40,0
50,201984,9,0,0,40,0
30,352542,13,0,0,40,0
30,345898,9,0,0,46,0
41,163847,13,0,0,45,1
21,200153,9,0,0,32,0
32,205931,9,0,0,37,0
35,153535,9,0,0,36,0
50,144084,9,0,0,55,0
45,109209,13,0,0,45,0
59,134470,9,2635,0,60,0
43,221172,13,0,0,35,0
32,177675,9,0,0,40,0
26,179010,10,0,0,65,0
34,258675,9,0,0,40,0
25,367306,10,0,0,40,0
40,198953,12,0,0,2,0
32,106014,10,0,0,50,0
25,178478,13,0,0,40,0
22,131291,10,0,0,15,0
25,139730,9,0,0,80,1
25,395512,8,0,0,40,0
26,142226,13,0,0,40,0
36,112271,9,0,0,40,0
38,328301,10,0,0,40,0
23,193090,10,3674,0,40,0
40,272960,12,0,0,42,1
44,721161,10,0,0,40,0
47,190139,14,0,0,40,1
54,101017,4,0,0,40,0
31,129775,13,0,0,65,0
73,157248,9,0,0,20,0
51,96062,10,0,1977,40,1
33,217304,13,0,0,40,0
31,177675,13,0,0,40,1
49,165134,11,0,0,35,0
29,112403,10,0,0,35,0
35,235485,13,0,0,40,1
28,398220,3,0,0,40,0
36,217926,12,0,0,50,0
50,150876,9,0,1887,55,1
58,41374,9,0,0,40,0
30,103200,14,0,0,40,0
36,297335,13,0,0,50,0
36,107218,10,0,0,55,0
46,276934,13,0,0,70,1
65,147377,14,0,0,16,0
33,341187,13,0,0,50,1
27,93235,9,0,0,30,0
42,259757,13,0,653,50,1
31,395170,11,0,0,24,0
67,131656,13,0,2392,24,1
23,522881,3,0,0,35,0
50,44728,9,0,0,40,0
44,231348,10,0,0,40,0
19,138917,10,0,0,20,0
21,206891,4,0,0,38,0
40,207578,9,0,0,50,1
67,227113,14,0,2457,40,0
31,203488,10,0,0,44,1
24,49154,7,0,0,40,0
32,172579,9,0,0,30,0
57,199067,4,0,0,90,1
36,418702,11,0,0,40,0
40,409922,10,7298,0,40,1
17,125236,6,0,0,22,0
66,41506,6,0,0,40,0
39,154641,11,0,0,40,0
90,153602,9,6767,0,40,0
23,109307,11,0,0,40,0
39,218490,13,0,1977,40,1
67,411007,9,15831,0,40,1
33,287878,10,0,0,26,0
35,78247,11,0,0,50,0
48,27802,14,0,1876,50,0
42,159449,9,0,0,40,0
52,187830,9,4934,0,36,1
35,185621,13,0,0,40,0
48,121424,13,0,0,50,0
43,117022,11,0,1726,40,0
56,231232,13,0,0,30,0
36,218188,9,0,0,32,0
44,691903,14,0,0,60,1
33,187802,13,0,1887,40,1
65,223580,10,6514,0,40,1
23,181820,10,0,0,45,0
48,47686,7,0,0,40,0
57,44273,9,0,0,40,0
40,241895,9,0,0,40,0
32,151053,9,0,0,40,1
66,340734,9,0,0,40,0
52,230657,9,3781,0,40,0
27,105817,13,0,0,45,0
39,314822,10,0,0,40,0
46,110794,10,0,0,40,0
35,282753,11,0,0,40,1
59,32954,11,0,0,36,0
41,111891,9,0,0,40,0
25,178037,9,0,0,40,0
37,210452,14,0,0,38,0
35,181099,6,0,0,40,0
45,125892,9,0,0,40,0
49,199029,13,0,2415,55,1
41,178510,13,0,0,45,0
27,37754,10,0,0,80,0
48,238567,3,0,0,40,0
36,185325,9,0,0,35,0
37,80410,7,0,0,40,0
45,186410,10,0,0,38,0
50,240374,14,0,0,40,1
64,92115,10,0,0,40,0
42,37618,10,0,0,60,0
50,145717,9,0,0,35,0
40,184846,9,5178,0,40,1
60,152727,10,0,1902,40,1
32,192965,9,0,0,45,0
65,169435,14,0,0,39,1
45,107682,14,0,0,40,1
36,128884,9,0,0,48,0
45,270535,13,15024,0,40,1
31,230912,10,0,0,55,0
28,230997,9,0,0,60,0
48,128432,9,0,0,40,0
35,309131,9,0,0,40,0
27,256764,12,0,0,40,0
31,213179,9,0,0,60,1
39,30916,10,0,1902,50,1
77,83601,15,0,0,40,0
26,205109,14,0,0,40,0
26,58039,10,0,0,40,0
36,89040,7,0,0,47,0
38,141584,9,0,0,55,0
23,265077,13,1055,0,10,0
61,186451,15,0,1902,40,1
34,225548,13,0,0,30,0
38,192939,9,0,0,50,0
48,79001,12,0,0,40,0
65,221026,9,0,0,20,0
43,240124,11,0,0,40,0
24,51973,13,0,0,20,0
54,55861,12,0,0,39,0
20,515797,9,0,0,40,0
39,65027,10,0,0,43,0
19,109928,7,0,0,35,0
33,154950,13,0,0,50,0
43,63503,13,0,0,40,1
40,180032,14,0,1669,40,0
59,110457,13,0,0,50,1
30,59496,10,0,0,40,0
44,344060,13,27828,0,40,1
49,268090,13,0,0,26,1
32,267736,10,0,0,40,0
18,110230,6,0,0,11,0
53,30846,9,0,0,40,0
32,291147,10,0,0,50,0
55,200448,10,0,0,40,0
42,69758,12,0,0,48,1
29,289960,9,0,0,48,0
26,250038,10,0,0,40,1
18,83492,4,0,0,40,0
67,312052,4,0,0,40,0
24,201145,9,0,0,65,0
23,239577,10,0,0,52,0
56,67662,14,0,0,39,0
25,306666,10,0,0,45,0
34,174215,14,7688,0,35,1
74,84197,14,0,0,10,0
35,196123,12,0,0,40,1
29,208534,15,0,0,80,0
33,124407,13,0,0,40,0
42,276218,9,0,0,40,1
21,172047,10,0,0,20,0
53,182186,5,0,0,40,0
36,74706,6,0,0,40,0
41,49654,9,0,0,52,0
23,372898,9,0,0,40,0
49,176814,13,5178,0,40,1
48,76482,10,0,0,50,0
42,50122,9,0,0,60,0
20,37932,10,0,0,40,0
38,35890,9,0,0,40,0
21,179720,9,0,0,30,0
30,156763,9,0,0,40,0
52,312500,11,0,0,40,0
22,254547,10,0,0,30,0
42,220531,10,0,0,32,0
18,109702,10,0,0,30,0
48,176917,10,0,0,40,1
46,140782,12,0,0,50,0
36,103323,12,2829,0,40,0
47,154940,14,0,0,45,1
57,266189,9,0,0,42,0
39,153976,10,0,0,52,1
41,190786,11,7298,0,40,1
28,429507,12,0,0,40,0
35,301369,8,0,0,40,0
36,61178,7,0,0,40,0
32,104509,9,0,0,25,0
34,183778,9,0,0,40,0
40,55508,4,0,0,40,0
35,233786,7,0,0,20,0
34,443546,9,0,0,40,1
40,262872,13,0,0,40,0
29,229729,9,0,0,40,0
48,183610,11,0,0,40,0
21,129980,5,0,0,40,0
33,355856,12,0,0,60,0
41,83411,9,0,0,40,1
56,246687,10,0,0,40,0
43,107503,13,0,0,48,1
41,288568,9,0,0,40,1
31,282173,10,0,0,40,0
31,323069,12,0,880,45,0
35,35626,10,0,0,15,0
33,301867,10,0,0,35,0
54,155233,13,14084,0,40,1
24,320615,9,0,2205,40,0
48,97680,14,15024,0,10,1
52,165998,15,7298,0,50,1
60,56248,10,0,0,40,0
45,121676,10,0,0,36,1
32,119176,9,0,0,44,0
81,176500,8,0,0,30,0
31,187802,10,0,0,40,0
52,55608,2,0,0,40,0
49,60751,9,0,0,40,0
43,160369,10,0,0,65,0
50,229272,9,0,0,40,1
22,199266,9,0,0,45,0
42,152889,10,0,0,52,0
30,341187,4,0,0,35,0
36,28996,9,0,0,40,0
38,203836,9,3464,0,40,0
17,27415,7,0,0,20,0
26,167350,8,0,0,40,0
33,255058,13,0,2339,40,0
25,122999,9,0,0,40,0
27,212622,14,0,0,40,0
35,140564,13,0,0,40,1
28,166320,9,0,0,40,0
45,170099,12,0,0,40,0
42,140474,12,0,0,35,0
35,308945,9,0,0,75,0
43,190020,15,0,0,60,0
29,206889,9,0,0,40,0
29,226941,10,0,0,55,0
52,89041,13,0,0,30,1
34,93394,9,0,0,65,0
61,85548,10,15024,0,18,1
53,123092,9,0,0,40,0
18,170544,7,0,0,20,0
23,236804,7,0,0,40,0
57,135028,9,0,0,35,0
19,229431,10,0,0,11,0
46,102852,4,0,0,40,0
42,247422,13,0,0,45,1
63,130968,5,0,0,50,0
20,87467,10,0,0,18,0
50,27432,13,0,0,30,0
37,758700,5,3781,0,50,0
38,186191,13,0,0,40,0
28,194690,4,0,0,60,0
24,47791,9,0,0,32,0
19,323605,4,0,0,60,1
24,19513,9,0,0,40,0
36,183279,9,0,0,38,0
33,347623,14,0,0,40,0
68,150904,9,0,0,35,0
39,236136,11,0,0,40,0
48,120131,13,0,0,40,0
23,528616,3,0,0,40,0
38,195686,10,0,0,40,1
52,101119,7,0,0,40,0
37,148143,9,0,0,40,0
36,225172,9,0,0,40,0
64,349826,10,0,0,40,0
20,34590,10,0,0,60,0
63,180955,3,0,0,25,0
34,398874,13,0,0,42,0
41,170685,10,0,0,46,0
31,274222,2,0,0,40,0
34,198693,6,0,0,30,0
45,148222,9,0,0,40,0
27,53147,9,0,0,40,0
35,152909,13,0,1887,45,1
38,342635,13,0,0,70,0
40,218558,13,0,0,45,1
41,44121,10,0,0,40,0
27,607658,13,0,0,40,0
51,194097,9,0,0,40,0
39,181553,13,0,0,55,0
33,104509,13,0,0,40,0
32,264554,10,0,0,40,1
75,31428,9,3456,0,40,0
35,189922,11,0,0,52,1
38,156383,10,0,0,40,0
43,83756,10,0,0,50,0
34,31740,4,0,0,40,0
38,126755,4,0,0,45,0
58,193434,9,0,0,20,0
36,132879,14,0,1887,40,1
43,98130,13,0,0,39,0
34,157747,9,0,0,45,1
25,189897,9,0,0,40,0
51,182985,9,0,0,40,0
43,260696,13,0,0,40,0
44,177937,16,0,0,36,1
50,211319,13,7298,0,50,1
24,52262,9,0,0,40,0
27,107812,13,0,0,40,1
50,141608,9,0,0,45,0
32,82393,13,0,0,56,1
31,369825,13,4101,0,50,0
40,145160,16,0,0,40,1
47,81654,10,0,0,56,1
35,299353,9,0,0,40,0
23,199586,9,0,0,40,0
47,95680,10,0,0,40,0
48,204629,16,15024,0,45,1
29,184596,7,3942,0,50,0
23,244698,3,0,0,35,0
50,169078,9,4386,0,40,1
41,163174,9,0,0,40,0
27,210295,13,0,0,40,0
21,35603,9,0,0,11,0
37,98776,13,0,0,40,1
42,191814,9,0,0,40,0
38,170174,6,0,0,40,1
40,240027,10,0,0,45,0
29,114158,13,0,0,40,0
19,349620,6,0,0,40,0
36,306567,9,0,0,40,1
34,346034,13,0,0,40,0
42,254773,13,0,0,50,1
30,275632,9,0,0,45,0
52,230919,13,0,0,60,1
22,137591,10,0,0,35,0
67,197865,10,0,0,40,0
29,446724,13,0,0,35,0
26,223558,9,0,0,40,0
28,209205,13,0,0,60,1
47,270079,4,0,0,40,0
23,292264,10,0,0,40,0
35,377798,13,0,0,50,1
18,298860,8,0,0,20,0
29,154017,9,0,0,10,0
57,182677,13,4508,0,40,0
32,312055,13,0,0,45,0
18,36882,8,0,0,20,0
32,211349,6,0,0,40,0
28,212091,9,2580,0,40,0
27,265314,9,0,0,45,1
36,176544,10,0,0,48,0
36,172538,9,0,0,52,1
17,242871,6,594,0,12,0
44,147206,10,0,0,40,0
21,92863,9,0,0,40,0
52,137753,9,0,0,20,0
59,109638,9,0,0,40,1
17,147069,7,0,0,16,0
76,199949,13,20051,0,50,1
26,213412,7,0,0,40,0
29,185019,8,0,0,40,0
28,129460,5,0,0,40,0
35,203717,11,0,0,50,0
24,117789,13,0,0,40,0
27,106935,13,0,0,45,0
35,104329,9,0,0,40,0
52,89041,9,0,0,40,0
24,38455,10,0,0,40,0
21,195919,6,0,0,40,0
30,264936,13,0,0,40,0
35,142282,10,0,0,25,0
27,109997,9,0,0,40,0
38,198867,7,0,0,40,0
22,198148,10,0,0,50,0
54,51048,9,0,0,40,1
49,193998,10,0,0,40,0
49,107373,6,0,0,99,1
50,485710,16,0,0,50,0
33,160784,6,0,0,40,0
22,537222,13,0,0,25,0
19,216413,9,0,0,55,0
29,153475,7,0,0,40,0
22,361487,9,0,0,40,0
36,166549,13,0,0,55,1
30,270218,13,0,0,40,0
44,298885,9,0,0,40,0
23,45713,10,0,0,40,0
38,30509,14,0,1669,55,0
40,91959,13,0,0,46,1
62,210064,10,0,0,20,0
42,1097453,13,0,0,60,1
52,34973,9,0,1887,60,1
18,173585,9,0,0,18,0
59,115414,10,0,0,40,1
30,23778,10,4416,0,40,0
39,82726,10,0,0,40,0
48,166863,14,0,0,40,1
32,209808,10,0,1740,47,0
46,218890,9,0,0,60,0
33,255004,9,2354,0,61,0
35,261646,9,0,0,55,0
31,139000,9,0,0,25,0
21,159567,9,0,0,50,0
35,238802,9,0,0,20,0
38,191137,7,0,0,35,0
81,36147,15,10605,0,2,1
35,267798,9,0,0,40,0
34,126853,14,0,0,40,1
50,145714,9,0,0,60,1
56,35373,10,0,0,30,0
21,240063,9,0,0,48,0
22,134181,9,0,0,50,0
31,142470,13,0,0,40,0
31,162442,14,27828,0,40,1
49,169042,9,0,625,40,0
38,49020,9,0,0,40,0
21,116489,10,0,0,60,0
32,207668,13,15024,0,45,1
20,143604,10,0,0,2,0
57,222247,8,0,0,40,1
24,197554,9,0,0,40,0
21,60639,10,0,0,37,0
47,140664,13,0,0,45,0
52,152795,10,0,0,40,0
23,114939,10,0,0,38,0
47,315110,10,0,0,20,0
40,377322,9,0,0,40,1
47,84790,10,0,0,40,0
39,33886,9,0,0,60,0
29,167544,12,0,0,13,0
20,161922,9,0,0,43,0
36,266347,9,0,0,43,0
40,191196,14,0,0,40,0
19,117595,9,0,0,24,0
42,40024,10,0,0,66,0
48,350440,10,0,0,40,1
47,245724,13,0,0,40,0
47,195978,9,0,0,40,1
72,138248,7,0,0,20,0
23,103588,9,0,0,40,0
40,193144,9,0,0,36,0
37,267085,10,0,0,40,0
62,197353,9,0,1740,40,0
24,43475,13,0,0,40,0
46,106092,9,0,0,45,1
19,146679,10,0,0,30,0
35,301862,9,0,0,50,0
54,27484,9,0,0,40,1
26,280093,10,0,0,40,0
39,111275,9,0,0,40,0
44,101214,13,0,0,44,1
46,235646,9,0,0,40,0
47,147322,9,0,0,40,0
77,71676,10,0,1944,1,0
32,53373,10,0,0,36,0
28,189530,9,0,0,35,0
81,39667,9,0,0,20,0
19,311974,9,0,0,25,0
37,31670,9,0,0,60,0
36,120204,9,0,0,40,0
39,24342,13,0,0,40,1
64,321166,13,0,0,5,0
35,220098,9,0,0,40,1
51,189511,11,0,0,50,1
41,283174,13,99999,0,40,1
39,49020,14,0,1974,40,0
47,411047,10,0,0,37,0
40,174947,9,0,0,45,1
34,509364,9,0,0,40,0
32,96016,13,0,0,45,0
26,211497,10,0,0,40,0
23,318483,9,0,0,40,0
54,302146,9,0,0,20,0
23,182117,10,0,0,40,0
32,188246,9,0,0,40,0
30,65278,12,0,0,40,0
41,88368,9,0,0,50,0
31,1033222,10,0,0,40,0
31,377850,9,0,0,65,0
31,97933,10,0,0,40,0
19,282698,4,0,0,80,0
36,186212,12,0,0,50,0
46,144531,13,0,0,40,1
25,166415,9,0,0,52,0
37,114765,10,0,0,40,0
36,220585,12,0,0,50,1
35,144200,9,0,0,25,0
25,257574,13,0,0,20,0
68,336329,9,0,0,10,0
27,115438,9,0,0,60,1
29,59932,13,0,0,40,0
51,111283,9,99999,0,35,1
56,169528,9,0,0,40,0
22,318915,9,0,0,40,0
37,60227,13,0,0,38,0
31,197886,13,0,0,50,1
45,34307,13,0,0,40,0
37,318168,9,1055,0,20,0
33,174215,13,0,0,55,1
71,211707,10,0,0,4,0
53,130143,13,0,0,45,0
48,148995,14,0,0,55,1
35,35945,13,0,0,40,1
21,83704,8,0,0,40,0
35,24126,10,0,0,40,0
40,95639,9,0,0,40,0
24,236769,4,0,0,40,0
23,520759,9,0,0,30,0
47,186534,9,0,0,55,1
29,60722,9,0,0,40,0
19,231962,9,0,0,40,0
22,126822,13,0,0,60,0
45,54260,9,0,0,60,0
29,301031,9,0,0,40,0
33,209900,10,0,0,20,0
44,138845,10,0,0,40,0
51,54342,15,27828,0,60,1
83,186112,10,0,0,40,0
37,69481,9,0,0,40,0
26,94652,10,0,0,40,0
20,37932,9,0,0,45,0
39,150057,10,0,0,55,1
21,191497,10,0,0,20,0
25,167031,10,0,0,25,0
42,143342,10,0,0,40,0
24,143766,10,0,0,55,0
39,208778,9,0,0,40,1
47,398397,14,0,0,40,0
23,122048,9,0,0,40,0
68,136218,9,0,0,15,0
53,43952,14,15024,0,38,1
22,173736,9,0,0,40,0
43,94113,10,0,0,45,0
57,233382,14,0,0,40,0
50,226497,10,0,0,45,1
48,149210,9,0,0,45,0
37,76855,10,0,0,40,0
24,165107,11,0,0,40,0
30,263150,9,0,0,20,0
34,209691,11,4386,0,50,1
38,283293,9,0,0,40,0
46,58126,9,0,0,40,0
40,191429,15,15024,0,40,1
42,119008,12,0,1974,40,0
55,200327,9,0,0,18,0
36,83089,3,7298,0,40,1
40,124692,13,0,0,40,1
17,187308,6,0,0,15,0
44,54651,14,0,0,40,1
43,241895,13,0,0,42,0
22,228516,9,0,0,40,0
24,107801,9,0,0,40,0
24,230229,3,0,0,40,0
19,30800,6,0,0,40,0
36,282602,11,0,0,40,0
51,61127,9,0,0,50,1
36,141420,13,0,0,30,0
50,158680,14,0,0,50,1
80,107740,9,0,0,30,0
20,308239,10,0,0,16,0
23,273206,13,0,0,23,0
37,126675,9,0,0,40,0
24,289909,9,0,0,40,0
40,202872,9,0,0,40,1
39,263690,14,3137,0,40,0
31,246439,9,0,0,38,0
46,295791,11,0,0,38,0
44,191814,10,0,0,45,0
57,116878,2,0,0,40,0
38,357173,9,0,0,40,0
31,117028,7,0,0,30,0
65,190568,9,0,810,36,0
30,302473,9,0,0,40,0
25,36023,9,0,0,55,0
42,107563,9,0,0,40,1
48,398843,10,0,0,35,0
23,113466,9,0,0,40,0
30,45427,11,0,0,49,0
35,186934,13,0,0,40,0
39,167482,9,0,0,60,1
27,216479,13,0,0,40,0
35,141584,14,0,0,45,1
27,259873,9,0,0,60,1
19,29083,9,0,0,25,0
44,320984,10,5178,0,60,1
47,84735,14,0,0,20,1
80,249983,4,0,0,24,0
45,115187,11,0,0,40,0
61,181028,14,0,0,18,0
29,327779,10,0,0,20,0
41,355918,13,0,0,35,0
50,98350,10,0,0,40,1
27,41115,10,0,0,40,0
29,178610,10,0,0,21,0
49,140644,13,5013,0,45,0
24,59948,9,0,0,40,0
25,469697,10,0,0,40,0
28,122037,13,0,0,55,1
30,79190,13,0,0,40,0
35,266645,9,0,0,40,0
35,242080,13,7298,0,45,1
54,141272,9,0,0,40,1
34,183801,13,0,0,14,0
33,63925,3,0,0,35,0
35,89622,10,0,0,50,1
39,193689,10,0,0,40,0
42,42703,9,0,0,40,0
57,151874,9,0,0,50,0
31,176711,9,0,0,40,0
45,152752,11,0,0,3,0
42,209370,9,0,0,30,0
36,194630,9,0,0,40,0
31,307543,6,0,0,99,0
21,512828,9,0,0,40,0
32,115963,9,0,0,50,0
39,126494,9,0,0,40,0
64,59145,16,0,1902,60,1
19,415354,6,0,0,40,0
52,173987,9,0,0,40,1
17,32763,6,0,0,15,0
21,181096,10,0,0,20,0
25,244408,13,0,0,40,0
25,198632,10,0,0,50,0
43,424094,16,0,0,40,0
46,320421,13,0,0,25,0
28,211032,7,0,0,40,0
26,48280,13,0,0,40,0
46,216999,13,0,0,55,1
17,79464,7,0,0,12,0
47,139268,9,0,0,40,0
24,184756,13,0,0,40,0
18,178759,10,0,0,15,0
31,256609,9,0,0,40,0
47,64563,10,7688,0,42,1
54,178839,9,0,1848,40,1
64,237581,4,0,0,48,1
25,202560,10,0,0,40,0
41,277192,3,0,0,40,0
57,106910,9,0,0,40,0
65,72776,4,2964,0,40,0
45,192776,13,7298,0,55,1
52,150930,11,0,0,40,0
18,28357,9,0,0,40,0
49,125892,9,0,0,40,0
50,237729,9,0,2444,72,1
30,235271,13,0,0,50,1
43,160815,11,0,0,40,0
29,158703,10,0,0,40,0
41,236021,13,15024,0,40,1
56,244605,9,0,0,40,0
39,115076,10,0,0,40,0
25,136226,9,0,0,40,0
31,328199,9,2354,0,40,0
62,272209,9,0,0,99,0
39,128392,9,0,1887,40,1
26,192652,10,0,0,15,0
39,243872,12,0,0,40,1
32,288273,13,0,0,70,0
69,137109,6,0,0,16,0
18,70021,7,0,0,15,0
36,291676,5,0,0,40,0
50,183611,10,0,0,40,0
35,297322,10,0,0,40,1
63,137192,13,0,0,40,0
48,192945,9,7688,0,40,1
22,185452,13,0,0,40,0
26,273792,10,0,0,20,0
41,49156,9,0,0,40,0
20,224640,12,0,0,40,0
28,175262,10,0,0,40,0
25,283087,10,0,0,40,0
52,225317,3,0,0,40,0
19,238474,7,0,0,40,0
21,97214,9,0,0,35,0
47,38819,13,0,0,45,1
37,152909,11,7688,0,40,1
21,402136,10,0,0,20,0
54,68985,14,0,0,55,1
22,315974,10,0,0,40,0
56,267652,13,0,0,40,0
31,175509,9,0,0,60,0
45,165232,10,0,0,40,0
60,39352,4,0,0,48,1
30,218551,11,0,0,45,1
38,91857,10,0,0,41,0
53,374588,9,0,0,60,0
43,70055,11,0,0,56,0
17,188949,7,0,0,40,0
39,183081,14,0,0,60,1
33,243330,9,0,0,55,0
45,177536,13,0,0,45,1
37,100508,9,0,0,40,1
52,230095,10,0,0,40,0
40,321758,9,0,0,40,1
54,22743,10,15024,0,60,1
39,272950,13,0,0,45,1
33,117983,9,0,0,41,0
24,184678,13,0,0,40,0
47,103540,13,0,0,50,1
38,65390,12,0,0,45,0
32,188557,9,0,0,40,0
21,166517,9,0,0,40,0
22,37894,9,0,0,35,0
36,186531,9,0,0,60,0
48,280422,10,0,0,25,0
48,125892,5,0,0,40,0
22,305874,9,0,0,60,0
62,345780,11,0,0,40,0
30,81282,9,0,0,40,0
21,83704,5,0,0,30,0
51,114674,10,0,0,55,1
27,192936,13,0,0,30,0
29,289991,9,0,0,55,0
17,331552,8,0,0,30,0
43,180138,9,0,0,45,0
38,208358,11,0,0,40,0
46,208872,11,0,0,40,1
56,159472,4,0,0,40,0
17,116267,8,0,0,15,0
46,279661,14,0,0,35,0
51,237141,14,0,0,40,1
30,220915,13,0,0,60,0
20,254547,9,0,0,35,0
18,211273,9,0,0,19,0
40,102226,9,0,0,40,0
57,200316,4,0,0,50,0
22,334693,10,0,0,40,0
18,41506,7,0,0,30,0
17,272372,7,0,0,7,0
33,177828,9,0,0,50,0
32,131224,9,0,0,40,0
32,182975,10,0,0,20,0
51,103407,9,0,0,40,0
59,76860,3,99999,0,40,1
40,277488,4,0,0,40,0
37,185567,9,0,0,40,1
53,199287,5,0,0,9,0
34,236543,9,0,0,40,0
32,168854,13,0,1848,50,1
21,203055,10,0,0,40,0
30,316471,13,0,0,50,0
42,22831,9,0,0,40,0
34,334744,14,0,0,50,1
32,158002,10,0,0,55,0
60,304074,10,0,0,28,0
38,260997,10,0,0,40,0
39,387068,9,0,0,40,1
19,127709,9,0,0,30,0
40,161475,9,0,0,75,0
71,101577,9,0,1668,20,0
37,77820,13,0,0,50,1
62,354075,13,0,0,50,1
60,119471,12,0,0,40,0
23,259301,9,0,0,40,0
30,48520,9,0,0,43,0
40,71738,14,0,0,46,1
31,197860,9,0,0,40,0
28,67218,4,0,0,40,0
24,236696,13,0,0,40,0
40,166822,14,0,0,36,1
47,82797,13,0,0,50,0
34,117362,9,0,0,40,0
36,211022,11,0,0,40,1
56,94345,13,0,0,40,1
58,156040,12,0,1848,40,1
36,68798,9,0,0,30,0
20,117476,10,0,0,40,0
27,159676,9,0,0,40,0
31,168906,12,0,0,35,0
52,122412,16,99999,0,35,1
49,275074,13,0,0,60,0
45,124973,10,0,0,30,0
34,334744,9,0,0,65,0
29,39388,9,0,0,40,0
46,129007,13,0,1977,40,1
34,196791,12,0,0,25,1
42,162758,10,0,0,56,1
39,84954,10,2829,0,65,0
35,63921,9,0,0,40,0
32,183811,9,2829,0,40,0
39,80410,13,0,0,40,0
34,227282,10,0,0,40,0
28,266855,13,0,0,50,1
72,298070,11,6723,0,25,0
55,294395,11,6849,0,40,0
18,117372,7,0,0,15,0
45,149224,9,0,0,50,0
62,113080,4,0,0,40,0
76,25319,9,0,0,8,0
39,347960,15,14084,0,35,1
42,131167,14,0,0,45,0
27,315640,14,0,0,20,0
37,117567,13,0,0,60,1
37,202683,9,0,0,40,0
45,186410,9,0,0,40,1
27,199118,10,0,0,40,0
46,199725,11,0,0,60,0
33,164190,14,0,0,20,0
38,101833,6,3103,0,40,1
47,306183,10,0,0,44,0
55,223716,10,0,0,40,0
34,80411,10,0,0,40,0
57,127277,16,0,0,40,1
34,185556,10,0,0,12,1
21,96483,10,0,0,12,0
38,188303,10,7688,0,40,1
36,286115,9,0,0,40,1
36,225516,13,0,0,40,1
23,27776,9,0,0,40,0
41,112763,10,0,0,35,0
28,251905,13,0,0,50,0
37,80324,9,0,0,60,1
31,120857,9,0,0,18,0
50,235307,12,0,0,48,1
48,81497,10,0,0,65,0
20,281608,10,0,0,50,0
22,136873,10,0,0,40,0
32,243988,3,0,0,40,0
31,262024,9,0,0,40,0
32,37232,10,0,0,40,0
56,229525,5,0,0,40,0
33,178506,9,0,0,40,0
21,43475,9,0,0,40,0
23,211678,10,0,0,40,0
59,230899,5,0,0,40,0
62,254890,9,0,0,40,0
46,140664,10,0,0,48,1
50,171225,13,0,0,40,1
49,118520,9,0,0,45,0
75,146576,13,0,0,48,1
30,134639,13,8614,0,45,1
65,165609,9,0,0,32,0
27,200641,6,0,0,40,0
43,355728,9,0,0,40,0
20,432052,10,0,0,15,0
30,177828,13,0,0,40,0
41,132222,15,0,2415,40,1
41,139907,6,0,0,50,0
23,84726,12,0,0,45,0
42,118212,5,0,0,40,0
34,313729,13,0,0,60,1
28,150309,9,0,0,45,0
36,127573,9,0,0,38,0
22,191444,9,0,0,40,0
35,349066,9,0,0,40,0
31,173002,9,0,0,40,0
34,152453,8,0,0,40,0
72,497280,5,0,0,20,0
30,247328,10,0,0,40,0
18,168514,6,0,0,25,0
60,159049,15,0,0,70,1
44,185267,13,0,1902,40,1
24,122166,10,0,0,40,0
40,220821,4,0,0,72,0
18,205894,7,0,0,15,0
26,165418,12,0,0,40,0
42,116649,11,0,0,40,0
60,210064,9,0,0,40,0
34,329587,6,0,0,35,0
35,589809,10,13550,0,60,1
41,264663,7,0,0,40,0
41,210844,10,0,0,40,0
27,66473,13,0,0,50,0
39,185624,10,0,0,50,0
30,262092,13,0,0,55,0
38,197077,9,0,0,40,0
33,174171,10,0,0,12,0
29,142249,13,0,0,40,0
19,183258,10,0,0,40,0
41,76625,12,0,0,40,1
35,491000,11,0,0,40,0
36,75826,13,0,0,40,0
19,382688,6,0,0,20,0
44,40024,9,0,0,40,0
53,175897,9,0,0,40,0
44,188436,13,0,0,45,0
50,138852,14,15024,0,50,1
29,85572,13,0,0,40,0
27,29261,9,0,0,40,1
22,47541,10,0,0,20,0
41,104196,14,0,0,50,1
47,316101,9,0,0,40,0
36,28996,10,0,0,45,0
21,321426,10,0,0,49,0
49,197371,11,0,0,40,1
37,143582,11,4101,0,35,0
30,185384,10,0,0,25,0
49,142856,9,0,0,40,1
28,109001,9,0,0,40,0
29,202878,4,0,2042,40,0
22,174461,13,0,0,40,0
51,259646,14,0,0,40,0
50,77521,7,0,0,40,0
35,188972,9,0,0,30,0
42,340885,9,0,0,44,0
56,109856,13,15024,0,50,1
25,297531,13,0,0,40,0
57,103948,13,0,0,80,0
20,373935,9,0,0,35,0
40,244835,10,15024,0,50,1
44,242619,10,0,0,40,0
18,36162,7,0,0,5,0
30,131776,14,0,0,40,0
49,216734,15,0,0,40,0
59,130532,10,0,0,40,0
54,186224,9,0,0,40,0
68,195881,9,2414,0,40,0
27,133425,9,0,0,50,0
38,216924,11,0,0,40,0
50,39590,9,0,0,48,1
18,374969,6,0,0,56,0
45,247379,9,0,0,40,1
90,171956,10,0,0,40,0
57,127779,9,0,0,40,0
31,364657,10,0,0,50,1
46,67001,16,0,0,40,1
47,32509,10,0,0,40,0
51,131068,9,0,0,40,0
35,538583,7,3674,0,40,0
28,199600,9,0,0,40,0
17,207791,6,0,0,20,0
28,134890,9,0,0,40,1
48,174794,11,0,0,40,0
44,103397,9,0,0,40,0
49,119904,13,7688,0,30,1
51,243631,6,0,0,40,0
22,202125,9,0,0,50,0
55,116219,10,0,0,40,0
21,67244,9,0,0,40,0
22,370548,11,0,0,30,0
44,230478,13,0,0,40,1
58,143266,9,0,0,40,0
53,162381,15,15024,0,45,1
38,171482,9,0,1672,50,0
26,118497,9,0,0,50,0
21,44793,10,0,0,65,0
19,148644,9,0,0,40,0
28,163265,5,0,0,30,0
60,78913,10,0,0,50,0
50,46401,13,0,0,20,0
32,270968,13,0,0,50,1
44,238188,12,0,0,40,0
37,148015,13,15024,0,40,1
24,68577,11,0,0,40,0
50,76728,10,0,0,39,0
37,164898,10,0,0,52,0
46,173613,9,0,0,40,0
39,65738,14,0,0,32,0
38,116975,10,0,1887,50,1
34,338416,6,0,0,60,0
21,243368,1,0,0,50,0
45,162187,9,0,0,40,1
22,290504,9,0,0,40,0
60,327474,9,0,0,70,0
33,116508,6,0,0,40,0
66,116468,14,2936,0,20,0
38,122952,9,0,0,35,0
59,189664,10,0,0,40,0
18,120029,10,0,0,20,0
19,143608,9,0,0,40,0
35,61343,9,0,0,90,0
30,195750,9,0,0,27,0
39,247975,10,0,0,30,0
23,215624,10,0,0,40,0
69,32287,6,0,0,25,0
24,258700,3,0,0,40,0
41,194537,13,0,0,40,0
19,142738,10,14084,0,20,1
19,443809,9,0,0,30,0
28,47907,13,0,0,40,0
26,123472,9,0,0,40,0
41,205153,14,0,0,50,1
28,214385,11,0,0,40,0
28,138692,10,0,0,50,0
76,329355,9,0,0,13,0
66,97847,13,0,0,50,0
67,323636,9,0,0,15,0
31,36592,9,0,0,91,0
29,331875,8,0,0,40,0
42,345969,13,0,0,48,1
47,252079,13,7688,0,44,1
27,588905,9,0,0,40,0
56,91251,9,0,0,20,0
60,121076,16,0,0,20,0
23,54012,9,0,0,60,0
34,123429,10,0,0,60,0
52,110748,14,0,0,50,1
45,130206,9,0,0,40,0
23,131230,13,0,0,50,0
58,111385,9,0,0,40,0
17,96282,6,0,0,14,0
55,141122,13,0,0,50,0
20,173095,10,0,0,4,0
46,224559,9,0,0,40,1
38,193026,7,0,0,40,0
28,308136,9,0,0,40,0
44,201742,13,0,2415,50,1
62,176839,16,0,0,50,1
21,131473,10,0,0,20,0
36,128876,6,0,0,40,0
22,110684,9,0,0,20,0
36,747719,15,15024,0,50,1
40,114157,9,0,0,40,0
38,166416,9,0,0,40,0
27,255476,3,0,0,40,0
52,48947,11,0,0,13,0
32,180603,13,0,0,40,1
58,107897,13,7688,0,40,1
17,239346,6,0,0,18,0
32,244268,7,0,1672,48,0
23,368739,13,0,0,40,0
44,109273,10,0,0,38,0
42,108183,14,0,1902,40,1
43,75742,10,0,0,45,0
55,240988,5,0,0,40,0
28,425127,5,0,0,35,0
41,214242,13,0,1887,40,1
34,204052,9,0,0,40,1
60,164599,10,7298,0,40,1
31,118161,9,0,0,40,0
37,227545,10,0,0,44,1
39,230329,9,0,0,35,0
29,34383,11,0,0,55,0
27,244315,9,0,0,40,0
27,29261,12,0,0,42,0
34,103596,9,0,0,40,0
41,160893,12,0,0,45,0
46,411595,3,0,0,40,0
29,128777,4,0,0,55,0
29,272715,6,0,0,30,0
31,203488,10,0,0,40,0
31,94991,9,0,0,40,0
24,275093,9,0,0,36,0
49,203067,10,0,0,40,1
46,267952,11,0,0,36,0
33,214129,10,0,0,40,0
33,314310,9,0,0,20,0
32,99548,10,0,0,40,0
29,360186,9,0,0,40,0
33,24504,10,0,0,60,0
26,287420,13,0,0,60,0
18,111476,7,0,0,40,0
37,295949,9,0,1628,40,0
45,193451,10,0,0,45,0
45,363677,16,0,1977,30,1
56,172071,9,0,0,40,0
60,141253,6,0,0,48,0
59,169560,6,0,0,40,0
58,209423,2,0,0,38,0
44,147206,10,7688,0,45,1
51,306784,9,0,0,30,0
64,107732,2,0,0,45,0
54,137065,16,0,0,40,1
34,163110,13,0,0,45,1
21,283969,9,0,0,40,0
50,183638,9,0,0,40,0
56,56331,9,0,0,32,0
22,199266,13,0,0,30,0
65,212562,7,0,0,20,0
32,299635,11,0,0,45,0
26,100125,12,0,0,30,0
24,86745,13,0,0,16,0
48,101299,12,0,0,45,0
28,314659,10,0,0,42,0
23,393248,10,0,0,40,0
17,144752,6,0,0,20,0
36,175255,9,0,0,35,0
30,117028,9,0,0,50,0
26,336969,13,0,0,28,0
18,283342,6,0,0,40,0
39,269186,9,0,0,40,0
74,282553,4,0,0,40,0
25,225135,9,0,0,40,0
47,159726,9,0,0,85,1
55,145401,13,0,0,40,1
36,112497,13,0,1876,44,0
26,274724,10,0,0,40,0
35,73715,7,0,0,40,0
37,359001,11,15024,0,50,1
41,27444,10,0,0,46,1
52,251585,6,0,0,55,0
45,82797,13,0,0,45,1
50,392668,16,0,0,40,1
44,242434,13,27828,0,60,1
45,189890,12,5455,0,38,0
57,199934,13,0,0,40,1
68,233954,14,0,0,40,1
24,166851,14,0,0,13,0
20,176321,8,0,0,40,0
33,246038,13,0,0,40,1
49,133969,16,0,0,50,1
24,153583,10,0,0,40,0
45,167334,14,0,0,50,1
49,81535,13,0,0,75,1
66,169435,9,0,0,16,0
19,25429,10,0,0,16,0
44,344060,13,0,0,40,1
24,314525,13,0,1741,45,0
29,296450,4,0,0,40,0
36,247807,11,0,0,40,1
46,125892,13,0,1977,60,1
22,178452,9,0,0,40,0
26,167848,9,0,0,40,0
26,212798,13,0,0,45,0
32,72630,16,3325,0,45,0
63,231777,13,0,0,40,0
20,133061,10,0,0,40,0
17,151141,8,0,0,20,0
64,96076,11,0,0,40,1
45,26781,9,0,0,40,0
26,86483,6,0,0,40,0
32,154087,9,0,0,40,0
35,30529,9,0,0,40,0
27,100669,10,0,0,40,1
34,56121,7,0,0,40,0
28,329426,13,0,0,40,0
23,107882,13,0,0,40,0
35,29874,10,0,0,40,0
29,231507,9,0,0,35,0
24,248344,10,0,0,50,0
36,348022,6,0,0,24,0
28,265074,7,0,0,40,0
35,185621,13,0,0,60,1
25,187577,9,0,0,40,0
36,196348,9,0,0,60,1
30,321024,10,0,0,40,0
42,262402,13,0,0,40,0
51,168539,9,0,0,84,0
64,21174,9,0,0,20,0
28,191177,14,0,0,20,1
30,172830,13,3325,0,40,0
34,112650,4,0,0,40,0
32,174704,7,0,0,40,0
43,186990,9,0,0,37,0
46,224314,13,0,0,20,0
48,167159,11,0,0,40,0
24,266971,13,0,0,40,0
30,83066,9,0,0,40,0
24,70261,9,0,0,40,0
36,176101,10,0,0,40,0
27,47907,13,0,0,40,0
59,154100,14,27828,0,45,1
54,152540,10,0,0,42,0
56,101128,12,0,0,25,0
57,73411,10,0,0,40,1
19,93604,4,0,1602,32,0
22,269623,10,0,0,40,0
39,135020,9,0,0,40,0
40,259307,14,0,0,50,1
33,460408,13,0,0,40,0
43,37402,14,0,0,25,0
57,206343,9,2174,0,40,0
34,144182,1,0,0,25,0
67,118363,13,0,2206,5,0
23,148709,9,0,0,35,0
24,217602,9,0,0,60,0
30,77266,9,0,0,55,0
44,151780,10,0,0,40,0
67,171564,9,20051,0,30,1
25,171472,11,0,0,42,0
47,294671,9,0,0,55,1
42,167357,10,0,213,40,0
34,265807,10,0,0,45,0
71,172046,4,0,0,50,0
35,119098,16,7298,0,40,1
33,117963,13,0,0,40,1
64,213945,9,0,0,50,0
19,188618,9,0,0,24,0
33,168906,10,0,0,55,0
40,374764,10,0,0,40,0
38,229236,9,0,0,40,0
31,295099,10,0,0,40,0
35,214896,9,0,0,45,0
31,145139,13,0,0,40,1
49,204057,12,0,0,40,0
18,183034,10,0,0,35,0
31,150630,9,0,0,40,0
55,145214,10,4650,0,20,0
41,106501,12,7688,0,50,1
46,190961,9,0,0,40,0
58,234481,6,0,0,40,0
53,92475,10,0,0,40,0
35,256992,3,0,0,15,0
54,108933,9,0,0,35,0
21,165107,10,0,0,20,0
24,121313,9,0,0,40,0
31,226624,5,0,0,60,0
22,220993,10,0,0,40,0
44,216921,6,0,0,70,0
49,43479,10,0,0,40,0
57,180636,10,0,0,40,0
21,161508,9,0,0,40,0
41,135823,11,0,0,40,0
63,74991,9,0,0,60,0
19,166153,10,0,0,30,0
35,265954,13,0,0,40,0
52,128378,13,0,0,40,1
28,175262,9,0,0,40,0
29,71067,15,0,0,55,0
32,79870,10,2597,0,40,0
27,221912,9,0,0,40,0
47,221666,10,0,0,40,0
39,82699,15,13550,0,70,1
30,177596,10,0,0,36,0
33,26252,12,0,0,40,0
25,167571,10,0,0,25,0
44,260046,9,0,0,40,0
33,159548,12,0,0,40,0
55,101338,6,0,0,40,0
56,202435,9,0,0,30,0
23,217961,10,0,0,15,0
25,299908,10,0,0,40,1
41,180272,14,0,0,35,0
28,230856,10,3325,0,50,0
20,200153,9,0,0,38,0
45,175262,5,0,0,40,0
53,254285,14,0,0,40,1
63,38352,9,0,0,40,0
55,194065,12,0,0,40,0
38,152307,13,0,0,41,1
29,389713,11,0,0,40,1
31,169269,4,0,0,40,0
38,166585,9,0,0,40,0
25,339324,13,0,0,40,0
20,290504,9,0,0,40,0
24,62952,9,0,0,40,0
37,58343,9,0,0,56,0
20,201729,10,0,0,33,0
64,180247,4,0,0,40,0
29,272913,9,0,0,30,0
30,241844,9,0,0,40,0
50,283676,10,0,0,40,1
52,291096,12,7298,0,40,1
53,225339,10,0,0,40,0
47,275095,5,0,0,50,0
28,101853,13,0,0,40,0
31,43819,13,7688,0,43,1
28,213236,9,0,0,40,0
31,148207,9,0,0,53,0
26,45869,13,0,0,40,0
45,325390,9,0,0,40,0
31,214235,9,0,1977,40,1
45,319666,15,0,0,43,0
38,33975,9,0,0,40,1
20,157541,10,0,0,27,0
43,110556,9,0,0,40,0
50,289572,10,0,0,40,1
38,194534,14,99999,0,60,1
18,152171,10,0,0,25,0
24,199005,9,0,0,25,0
28,266070,15,0,0,50,0
49,117634,10,0,0,30,0
40,264663,13,0,0,60,0
50,24013,14,0,0,55,1
25,190350,6,0,0,35,0
19,36012,10,0,0,20,0
20,471452,10,0,0,30,0
69,140176,9,0,0,24,0
29,189565,9,2174,0,50,0
27,188909,9,0,0,40,0
51,123429,9,15024,0,40,1
41,204235,11,0,0,40,1
23,188409,7,4508,0,25,0
30,203488,13,0,0,60,0
38,137953,9,0,0,45,0
46,423222,13,7688,0,40,1
17,220384,7,0,0,15,0
36,107916,9,0,2002,40,0
56,77415,7,0,0,50,0
46,173938,14,15024,0,50,1
23,200593,13,0,0,40,0
40,168113,9,0,0,40,0
61,232808,6,0,0,24,0
27,152951,9,0,0,40,0
50,204838,9,0,0,38,0
42,130126,13,0,1977,40,1
53,157059,9,0,0,50,0
43,213844,9,0,0,42,1
72,84587,3,0,0,20,0
34,147215,11,0,0,60,0
26,89648,13,0,0,50,0
26,182194,12,0,0,40,0
45,233799,2,0,0,40,0
32,309903,6,0,0,25,0
24,233499,10,0,0,40,1
26,381618,5,0,0,45,0
37,216473,6,0,0,30,0
22,247319,10,0,0,60,0
24,267843,13,0,0,35,0
70,88638,14,7896,0,50,1
29,183639,9,0,0,97,0
23,40165,10,0,0,50,0
22,554317,5,0,0,35,0
56,306633,11,0,0,40,0
25,270379,9,0,0,35,0
39,42044,7,0,0,40,0
53,158284,9,0,0,70,0
58,280309,12,5178,0,60,1
79,62176,16,0,0,6,1
20,258730,9,0,0,40,0
38,455379,8,0,0,56,1
35,195744,9,0,0,50,0
54,133050,10,0,0,41,0
50,28952,10,0,0,39,0
39,82521,13,0,0,45,1
22,443336,10,0,0,25,0
29,109001,10,0,0,35,0
39,346478,9,0,0,40,1
17,211870,5,0,0,6,0
37,185068,13,0,0,20,0
40,340797,10,0,0,40,0
58,497253,13,0,0,40,1
30,139838,6,0,0,40,0
49,68505,5,0,0,37,0
41,184102,7,0,0,40,0
54,304955,9,0,0,30,0
49,340755,14,0,0,40,1
49,349633,14,0,0,50,1
20,157145,10,0,2258,10,0
81,247232,6,2936,0,28,0
37,161226,9,0,0,30,1
35,133935,13,0,0,40,1
44,277533,10,0,0,40,1
38,31848,9,0,0,50,0
32,183977,13,0,0,55,1
24,228960,12,0,0,40,0
43,401623,10,0,0,40,1
42,54583,13,0,0,30,0
55,72812,9,0,0,36,0
82,152148,4,0,0,2,0
29,147256,12,0,0,40,1
33,549413,10,0,0,40,1
44,387770,10,0,0,15,0
58,156649,2,0,0,40,0
57,176079,14,0,0,40,0
36,99872,9,0,0,40,0
52,443742,10,0,0,60,0
50,155434,9,0,0,40,1
34,194740,10,0,0,40,0
45,234652,3,0,0,40,0
49,32212,9,0,0,43,0
54,210736,9,0,0,40,1
27,85918,13,0,0,68,0
30,381153,10,0,0,40,0
34,149368,15,0,0,40,1
21,56520,10,0,0,40,0
28,199172,9,0,0,40,0
37,340614,14,0,0,50,1
44,203761,13,0,0,40,1
38,258761,9,0,0,50,0
61,96073,15,0,0,50,1
29,245790,6,0,0,80,0
27,171356,12,0,0,40,0
28,394927,10,0,0,40,1
28,336951,9,0,0,40,0
23,197997,9,0,0,30,0
27,334132,12,0,0,78,0
38,187999,13,0,0,45,1
33,154981,13,0,1902,50,1
20,105312,9,0,0,35,0
38,176357,9,0,0,50,0
27,160291,10,0,0,40,0
37,112838,14,0,0,55,1
40,436493,9,0,0,25,0
46,145636,9,3103,0,50,1
22,375422,13,0,0,40,0
61,146788,4,0,0,40,0
26,55929,13,0,0,40,0
41,190885,9,0,0,40,0
25,31657,11,0,0,34,0
55,239404,6,0,0,45,0
36,347491,13,0,0,50,1
25,197871,13,0,0,50,0
58,187485,9,0,0,24,0
38,215392,11,7298,0,45,1
67,116986,8,0,0,20,0